{
  "version": 1,
  "author": "32. Rizky Budi Saputra",
  "editor": "wokwi",
  "parts": [
    {
      "type": "board-esp32-devkit-c-v4",
      "id": "esp",
      "top": -116.86,
      "left": 166.9,
      "rotate": 90,
      "attrs": {}
    },
    {
      "type": "board-ssd1306",
      "id": "oled1",
      "top": 89.54,
      "left": 134.63,
      "attrs": { "i2cAddress": "0x3c" }
    },
    { "type": "wokwi-dht22", "id": "dht1", "top": -201.3, "left": 378.6, "attrs": {} },
    {
      "type": "wokwi-photoresistor-sensor",
      "id": "ldr1",
      "top": -365.1,
      "left": 148.1,
      "rotate": 90,
      "attrs": {}
    },
    { "type": "wokwi-hc-sr04", "id": "ultrasonic1", "top": -257.7, "left": -52.1, "attrs": {} }
  ],
  "connections": [
    [ "esp:TX", "$serialMonitor:RX", "", [] ],
    [ "esp:RX", "$serialMonitor:TX", "", [] ],
    [ "oled1:VCC", "esp:3V3", "red", [ "h124.95", "v-28.8", "h-0.3", "v-124.43" ] ],
    [ "oled1:SCL", "esp:22", "green", [ "v-19.2", "h86.7", "v-38.4", "h2.8" ] ],
    [ "oled1:GND", "esp:GND.3", "black", [ "v-38.4", "h70" ] ],
    [ "oled1:SDA", "esp:21", "green", [ "v-9.6", "h50.87" ] ],
    [ "dht1:VCC", "esp:3V3", "red", [ "v9.6", "h-93.2" ] ],
    [ "dht1:SDA", "esp:15", "green", [ "v153.6", "h-246.7" ] ],
    [ "dht1:GND", "esp:GND.2", "black", [ "v0" ] ],
    [ "ldr1:VCC", "esp:3V3", "red", [ "h0" ] ],
    [ "ldr1:GND", "esp:GND.1", "black", [ "h0" ] ],
    [ "ldr1:AO", "esp:27", "green", [ "h0" ] ],
    [ "ultrasonic1:GND", "esp:CMD", "black", [ "v48", "h20.8" ] ],
    [ "ultrasonic1:VCC", "esp:3V3", "red", [ "v67.2", "h214" ] ],
    [ "ultrasonic1:TRIG", "esp:26", "green", [ "v86.4", "h117.6" ] ],
    [ "ultrasonic1:ECHO", "esp:25", "green", [ "v76.8", "h117.2" ] ]
  ],
  "dependencies": {}
}